EXPERIMENT,SCALE,ENCODING,NOTE,PAYLOAD_COLS,RUN_ID,TOTAL_US,MATERIALIZE_US,RUN_GEN_US,MERGE_US,WRITE_OUT_US
"TPC-DS_CatalogSales_Wide",1,"Dictionary","multi-threaded",30,0,716438,12629,15283,84808,598360
"TPC-DS_CatalogSales_Wide",1,"Dictionary","multi-threaded",30,1,725580,14113,16162,85669,602928
"TPC-DS_CatalogSales_Wide",1,"Dictionary","multi-threaded",30,2,730201,15764,15215,82546,610265
"TPC-DS_CatalogSales_Wide",1,"Dictionary","multi-threaded",30,3,750445,16502,15901,76319,634680
"TPC-DS_CatalogSales_Wide",1,"Dictionary","multi-threaded",30,4,754799,15362,15442,86781,630586
"TPC-DS_CatalogSales_Wide",1,"Dictionary","multi-threaded",30,5,707832,15087,15723,82706,587907
"TPC-DS_CatalogSales_Wide",1,"Dictionary","multi-threaded",30,6,724440,14067,15977,91192,596873
"TPC-DS_CatalogSales_Wide",1,"Dictionary","multi-threaded",30,7,714419,14912,16225,82306,594209
"TPC-DS_CatalogSales_Wide",1,"Dictionary","multi-threaded",30,8,707837,14155,15887,90445,580596
"TPC-DS_CatalogSales_Wide",1,"Dictionary","multi-threaded",30,9,706657,14020,15912,93084,577192
"TPC-DS_Customer_Strings_Wide",1,"Dictionary","multi-threaded",16,0,92264,6753,7947,3340,72152
"TPC-DS_Customer_Strings_Wide",1,"Dictionary","multi-threaded",16,1,84088,15826,19557,4185,40151
"TPC-DS_Customer_Strings_Wide",1,"Dictionary","multi-threaded",16,2,118755,16144,17634,4333,76197
"TPC-DS_Customer_Strings_Wide",1,"Dictionary","multi-threaded",16,3,92904,7889,8873,3406,70242
"TPC-DS_Customer_Strings_Wide",1,"Dictionary","multi-threaded",16,4,98825,15916,19193,4484,55119
"TPC-DS_Customer_Strings_Wide",1,"Dictionary","multi-threaded",16,5,125490,15953,19134,4410,80840
"TPC-DS_Customer_Strings_Wide",1,"Dictionary","multi-threaded",16,6,104073,12208,12751,3910,72129
"TPC-DS_Customer_Strings_Wide",1,"Dictionary","multi-threaded",16,7,103917,15904,16971,4289,62271
"TPC-DS_Customer_Strings_Wide",1,"Dictionary","multi-threaded",16,8,112088,15852,19360,4356,68303
"TPC-DS_Customer_Strings_Wide",1,"Dictionary","multi-threaded",16,9,111680,15017,16151,4115,72491
"TPC-DS_Customer_Integers_Wide",1,"Dictionary","multi-threaded",15,0,95215,2611,9668,3601,78631
"TPC-DS_Customer_Integers_Wide",1,"Dictionary","multi-threaded",15,1,78108,2435,9599,3652,61502
"TPC-DS_Customer_Integers_Wide",1,"Dictionary","multi-threaded",15,2,82770,2540,9724,4022,65576
"TPC-DS_Customer_Integers_Wide",1,"Dictionary","multi-threaded",15,3,100393,2369,9430,3781,84078
"TPC-DS_Customer_Integers_Wide",1,"Dictionary","multi-threaded",15,4,77630,2712,9592,3774,60651
"TPC-DS_Customer_Integers_Wide",1,"Dictionary","multi-threaded",15,5,81717,3036,9056,3809,64866
"TPC-DS_Customer_Integers_Wide",1,"Dictionary","multi-threaded",15,6,84550,2657,9557,3790,67596
"TPC-DS_Customer_Integers_Wide",1,"Dictionary","multi-threaded",15,7,84379,2750,9471,3625,67332
"TPC-DS_Customer_Integers_Wide",1,"Dictionary","multi-threaded",15,8,84773,3012,9539,3787,67498
"TPC-DS_Customer_Integers_Wide",1,"Dictionary","multi-threaded",15,9,77582,2905,9757,3659,60540
"TPC-H_Lineitem_ByShipdate_payload1",1,"Dictionary","multi-threaded",1,0,624723,66052,50835,329131,155497
"TPC-H_Lineitem_ByShipdate_payload1",1,"Dictionary","multi-threaded",1,1,598093,57952,69661,298563,153168
"TPC-H_Lineitem_ByShipdate_payload1",1,"Dictionary","multi-threaded",1,2,789849,41440,67388,534121,123650
"TPC-H_Lineitem_ByShipdate_payload1",1,"Dictionary","multi-threaded",1,3,625095,57140,61681,326039,156311
"TPC-H_Lineitem_ByShipdate_payload1",1,"Dictionary","multi-threaded",1,4,644936,51599,74532,341378,159565
"TPC-H_Lineitem_ByShipdate_payload1",1,"Dictionary","multi-threaded",1,5,609211,31327,79328,357400,115466
"TPC-H_Lineitem_ByShipdate_payload1",1,"Dictionary","multi-threaded",1,6,628874,50538,54936,345860,153035
"TPC-H_Lineitem_ByShipdate_payload1",1,"Dictionary","multi-threaded",1,7,628608,48192,79027,336756,146576
"TPC-H_Lineitem_ByShipdate_payload1",1,"Dictionary","multi-threaded",1,8,593695,30710,71844,353437,113300
"TPC-H_Lineitem_ByShipdate_payload1",1,"Dictionary","multi-threaded",1,9,635868,49698,57518,343347,162004
"TPC-H_Lineitem_ByShipdate_payload4",1,"Dictionary","multi-threaded",4,0,708139,31680,74746,351173,224481
"TPC-H_Lineitem_ByShipdate_payload4",1,"Dictionary","multi-threaded",4,1,814192,46985,57434,336048,348626
"TPC-H_Lineitem_ByShipdate_payload4",1,"Dictionary","multi-threaded",4,2,778858,47611,70678,326808,316318
"TPC-H_Lineitem_ByShipdate_payload4",1,"Dictionary","multi-threaded",4,3,688730,31277,69900,342390,220741
"TPC-H_Lineitem_ByShipdate_payload4",1,"Dictionary","multi-threaded",4,4,831244,48271,56309,347053,353723
"TPC-H_Lineitem_ByShipdate_payload4",1,"Dictionary","multi-threaded",4,5,772831,47804,71400,331624,300194
"TPC-H_Lineitem_ByShipdate_payload4",1,"Dictionary","multi-threaded",4,6,705906,29093,74013,347985,229941
"TPC-H_Lineitem_ByShipdate_payload4",1,"Dictionary","multi-threaded",4,7,872384,52536,57167,401356,338210
"TPC-H_Lineitem_ByShipdate_payload4",1,"Dictionary","multi-threaded",4,8,879250,48043,73156,422701,317764
"TPC-H_Lineitem_ByShipdate_payload4",1,"Dictionary","multi-threaded",4,9,700757,33304,94009,335032,215072
"TPC-H_Lineitem_ByShipdate_payload8",1,"Dictionary","multi-threaded",8,0,1013796,50269,71360,348204,526063
"TPC-H_Lineitem_ByShipdate_payload8",1,"Dictionary","multi-threaded",8,1,846548,34219,67361,373820,347876
"TPC-H_Lineitem_ByShipdate_payload8",1,"Dictionary","multi-threaded",8,2,1041173,52954,50600,372070,542024
"TPC-H_Lineitem_ByShipdate_payload8",1,"Dictionary","multi-threaded",8,3,996796,53375,69670,362045,494000
"TPC-H_Lineitem_ByShipdate_payload8",1,"Dictionary","multi-threaded",8,4,769901,31163,67827,308907,338878
"TPC-H_Lineitem_ByShipdate_payload8",1,"Dictionary","multi-threaded",8,5,1030830,52367,50631,367598,536141
"TPC-H_Lineitem_ByShipdate_payload8",1,"Dictionary","multi-threaded",8,6,988933,50411,69769,363027,487929
"TPC-H_Lineitem_ByShipdate_payload8",1,"Dictionary","multi-threaded",8,7,782007,36860,67253,309871,343281
"TPC-H_Lineitem_ByShipdate_payload8",1,"Dictionary","multi-threaded",8,8,969353,56301,51114,300455,536352
"TPC-H_Lineitem_ByShipdate_payload8",1,"Dictionary","multi-threaded",8,9,1001772,53322,69566,363024,498172
"TPC-H_Lineitem_ByShipdate_payloadall",1,"Dictionary","multi-threaded",15,0,2039888,53441,44651,368931,1551532
"TPC-H_Lineitem_ByShipdate_payloadall",1,"Dictionary","multi-threaded",15,1,1953605,58504,81922,337898,1459939
"TPC-H_Lineitem_ByShipdate_payloadall",1,"Dictionary","multi-threaded",15,2,1823384,44499,66480,352606,1290386
"TPC-H_Lineitem_ByShipdate_payloadall",1,"Dictionary","multi-threaded",15,3,2085486,66607,55901,342863,1551260
"TPC-H_Lineitem_ByShipdate_payloadall",1,"Dictionary","multi-threaded",15,4,2289848,85361,82947,347702,1758050
"TPC-H_Lineitem_ByShipdate_payloadall",1,"Dictionary","multi-threaded",15,5,1687037,35535,79399,360394,1191537
"TPC-H_Lineitem_ByShipdate_payloadall",1,"Dictionary","multi-threaded",15,6,2071941,85898,50048,365364,1550210
"TPC-H_Lineitem_ByShipdate_payloadall",1,"Dictionary","multi-threaded",15,7,1980462,79824,77466,346680,1461087
"TPC-H_Lineitem_ByShipdate_payloadall",1,"Dictionary","multi-threaded",15,8,1634772,65071,67530,351140,1130812
"TPC-H_Lineitem_ByShipdate_payloadall",1,"Dictionary","multi-threaded",15,9,2213460,65880,48869,351900,1672506
"TPC-H_Lineitem_ByOrderkey_Wide",1,"Dictionary","multi-threaded",15,0,956591,30361,38606,161033,664521
"TPC-H_Lineitem_ByOrderkey_Wide",1,"Dictionary","multi-threaded",15,1,1050998,44717,31414,164933,805627
"TPC-H_Lineitem_ByOrderkey_Wide",1,"Dictionary","multi-threaded",15,2,1093148,44092,39886,163132,842971
"TPC-H_Lineitem_ByOrderkey_Wide",1,"Dictionary","multi-threaded",15,3,845313,15755,47639,114641,663175
"TPC-H_Lineitem_ByOrderkey_Wide",1,"Dictionary","multi-threaded",15,4,1115797,58027,31867,163353,858445
"TPC-H_Lineitem_ByOrderkey_Wide",1,"Dictionary","multi-threaded",15,5,1143404,55088,40472,171892,873137
"TPC-H_Lineitem_ByOrderkey_Wide",1,"Dictionary","multi-threaded",15,6,975711,32185,38739,161345,683202
"TPC-H_Lineitem_ByOrderkey_Wide",1,"Dictionary","multi-threaded",15,7,1086098,43177,31308,162042,790145
"TPC-H_Lineitem_ByOrderkey_Wide",1,"Dictionary","multi-threaded",15,8,1112654,42177,39356,157017,813600
"TPC-H_Lineitem_ByOrderkey_Wide",1,"Dictionary","multi-threaded",15,9,960974,33827,38953,162159,665547
"TPC-H_Lineitem_ByLinenumberQty_Wide",1,"Dictionary","multi-threaded",14,0,2033146,31718,54095,330646,1558833
"TPC-H_Lineitem_ByLinenumberQty_Wide",1,"Dictionary","multi-threaded",14,1,1733598,23552,46102,329477,1266986
"TPC-H_Lineitem_ByLinenumberQty_Wide",1,"Dictionary","multi-threaded",14,2,2039021,32807,34284,342222,1573345
"TPC-H_Lineitem_ByLinenumberQty_Wide",1,"Dictionary","multi-threaded",14,3,2000838,29597,47050,332726,1534619
"TPC-H_Lineitem_ByLinenumberQty_Wide",1,"Dictionary","multi-threaded",14,4,1486034,25747,46166,341260,1016971
"TPC-H_Lineitem_ByLinenumberQty_Wide",1,"Dictionary","multi-threaded",14,5,1913858,19854,28713,286599,1574599
"TPC-H_Lineitem_ByLinenumberQty_Wide",1,"Dictionary","multi-threaded",14,6,2023750,31483,53364,332290,1603618
"TPC-H_Lineitem_ByLinenumberQty_Wide",1,"Dictionary","multi-threaded",14,7,1485954,24740,45686,340141,1020635
"TPC-H_Lineitem_ByLinenumberQty_Wide",1,"Dictionary","multi-threaded",14,8,2084218,34811,34705,335174,1618563
"TPC-H_Lineitem_ByLinenumberQty_Wide",1,"Dictionary","multi-threaded",14,9,2069163,30814,53064,334618,1603475
